[
    {
        "name": "id",
        "dbType": "bigInteger,true",
        "htmlType": "number",
        "validations": "",
        "searchable": false,
        "fillable": false,
        "primary": true,
        "inForm": false,
        "inIndex": false,
        "inView": false
    },
    {
        "name": "name",
        "dbType": "string",
        "htmlType": "text",
        "validations": "nullable|string|max:255|nullable|string|max:255",
        "searchable": true,
        "fillable": true,
        "primary": false,
        "inForm": true,
        "inIndex": true,
        "inView": true
    },
    {
        "name": "email",
        "dbType": "string",
        "htmlType": "email",
        "validations": "nullable|string|max:255|nullable|string|max:255",
        "searchable": true,
        "fillable": true,
        "primary": false,
        "inForm": true,
        "inIndex": true,
        "inView": true
    },
    {
        "name": "phone",
        "dbType": "string",
        "htmlType": "text",
        "validations": "nullable|string|max:100|nullable|string|max:100",
        "searchable": true,
        "fillable": true,
        "primary": false,
        "inForm": true,
        "inIndex": true,
        "inView": true
    },
    {
        "name": "occupation",
        "dbType": "string",
        "htmlType": "text",
        "validations": "nullable|string|max:100|nullable|string|max:100",
        "searchable": true,
        "fillable": true,
        "primary": false,
        "inForm": true,
        "inIndex": true,
        "inView": true
    },
    {
        "name": "address",
        "dbType": "string",
        "htmlType": "text",
        "validations": "nullable|string|max:255|nullable|string|max:255",
        "searchable": true,
        "fillable": true,
        "primary": false,
        "inForm": true,
        "inIndex": true,
        "inView": true
    },
    {
        "name": "country",
        "dbType": "string",
        "htmlType": "text",
        "validations": "nullable|string|max:100|nullable|string|max:100",
        "searchable": true,
        "fillable": true,
        "primary": false,
        "inForm": true,
        "inIndex": true,
        "inView": true
    },
    {
        "name": "city",
        "dbType": "string",
        "htmlType": "text",
        "validations": "nullable|string|max:100|nullable|string|max:100",
        "searchable": true,
        "fillable": true,
        "primary": false,
        "inForm": true,
        "inIndex": true,
        "inView": true
    },
    {
        "name": "service_id",
        "dbType": "integer,false",
        "htmlType": "number",
        "validations": "nullable|nullable",
        "searchable": true,
        "fillable": true,
        "primary": false,
        "inForm": true,
        "inIndex": true,
        "inView": true
    },
    {
        "name": "source_id",
        "dbType": "integer,false",
        "htmlType": "number",
        "validations": "nullable|nullable",
        "searchable": true,
        "fillable": true,
        "primary": false,
        "inForm": true,
        "inIndex": true,
        "inView": true
    },
    {
        "name": "detail",
        "dbType": "string",
        "htmlType": "text",
        "validations": "nullable|string|max:500|nullable|string|max:500",
        "searchable": true,
        "fillable": true,
        "primary": false,
        "inForm": true,
        "inIndex": true,
        "inView": true
    },
    {
        "name": "budget",
        "dbType": "string",
        "htmlType": "text",
        "validations": "nullable|string|max:255|nullable|string|max:255",
        "searchable": true,
        "fillable": true,
        "primary": false,
        "inForm": true,
        "inIndex": true,
        "inView": true
    },
    {
        "name": "created_by",
        "dbType": "integer,false",
        "htmlType": "number",
        "validations": "nullable|nullable",
        "searchable": true,
        "fillable": true,
        "primary": false,
        "inForm": true,
        "inIndex": true,
        "inView": true
    },
    {
        "name": "created_at",
        "dbType": "datetime",
        "htmlType": "date",
        "validations": "nullable|nullable",
        "searchable": false,
        "fillable": false,
        "primary": false,
        "inForm": false,
        "inIndex": false,
        "inView": false
    },
    {
        "name": "updated_at",
        "dbType": "datetime",
        "htmlType": "date",
        "validations": "nullable|nullable",
        "searchable": false,
        "fillable": false,
        "primary": false,
        "inForm": false,
        "inIndex": false,
        "inView": false
    }
]